Season,Age,Tm,Lg,Pos,G,GS,MP,FG,FGA,FG%,3P,3PA,3P%,2P,2PA,2P%,eFG%,FT,FTA,FT%,ORB,DRB,TRB,AST,STL,BLK,TOV,PF,PTS
2009-10,23,OKC,NBA,PF,82,82,3043,485,1070,0.453,104,312,0.333,381,758,0.503,0.502,165,223,0.74,112,378,490,134,104,72,135,221,1239
2010-11,24,TOT,NBA,PF-SF,75,51,2427,368,820,0.449,64,211,0.303,304,609,0.499,0.488,198,244,0.811,73,287,360,108,53,37,99,210,998
2011-12,25,Did Not Play (illness—heart condition),Did Not Play (illness—heart condition),Did Not Play (illness—heart condition),Did Not Play (illness—heart condition),Did Not Play (illness—heart condition),Did Not Play (illness—heart condition),Did Not Play (illness—heart condition),Did Not Play (illness—heart condition),Did Not Play (illness—heart condition),Did Not Play (illness—heart condition),Did Not Play (illness—heart condition),Did Not Play (illness—heart condition),Did Not Play (illness—heart condition),Did Not Play (illness—heart condition),Did Not Play (illness—heart condition),Did Not Play (illness—heart condition),Did Not Play (illness—heart condition),Did Not Play (illness—heart condition),Did Not Play (illness—heart condition),Did Not Play (illness—heart condition),Did Not Play (illness—heart condition),Did Not Play (illness—heart condition),Did Not Play (illness—heart condition),Did Not Play (illness—heart condition),Did Not Play (illness—heart condition),Did Not Play (illness—heart condition),Did Not Play (illness—heart condition),Did Not Play (illness—heart condition)
2012-13,26,BOS,NBA,PF,81,17,2252,376,806,0.467,70,182,0.385,306,624,0.49,0.51,214,265,0.808,55,263,318,128,56,68,132,175,1036
2013-14,27,BOS,NBA,SF,82,82,2805,482,1171,0.412,135,396,0.341,347,775,0.448,0.469,283,356,0.795,54,326,380,138,57,47,165,180,1382
2014-15,28,BOS,NBA,SF,17,17,579,115,253,0.455,27,87,0.31,88,166,0.53,0.508,66,79,0.835,16,64,80,28,16,11,32,34,323
