
Season,Age,Tm,Lg,Pos,G,GS,MP,FG,FGA,FG%,3P,3PA,3P%,2P,2PA,2P%,eFG%,FT,FTA,FT%,ORB,DRB,TRB,AST,STL,BLK,TOV,PF,PTS
2009-10,22,POR,NBA,C,39,4,405,43,65,.662,0,0,,43,65,.662,.662,18,20,.900,25,73,98,1,7,16,12,76,104
2010-11,23,Did Not Play (injury—knee),Did Not Play (injury—knee),Did Not Play (injury—knee),Did Not Play (injury—knee),Did Not Play (injury—knee),Did Not Play (injury—knee),Did Not Play (injury—knee),Did Not Play (injury—knee),Did Not Play (injury—knee),Did Not Play (injury—knee),Did Not Play (injury—knee),Did Not Play (injury—knee),Did Not Play (injury—knee),Did Not Play (injury—knee),Did Not Play (injury—knee),Did Not Play (injury—knee),Did Not Play (injury—knee),Did Not Play (injury—knee),Did Not Play (injury—knee),Did Not Play (injury—knee),Did Not Play (injury—knee),Did Not Play (injury—knee),Did Not Play (injury—knee),Did Not Play (injury—knee),Did Not Play (injury—knee),Did Not Play (injury—knee),Did Not Play (injury—knee),Did Not Play (injury—knee)
2011-12,24,IND,NBA,C,20,1,106,15,36,.417,0,0,,15,36,.417,.417,4,7,.571,12,21,33,4,3,2,2,16,34
2012-13,25,IND,NBA,PF,37,0,369,61,126,.484,2,4,.500,59,122,.484,.492,21,23,.913,29,75,104,15,6,12,23,44,145
2013-14,26,SAS,NBA,PF,73,10,952,101,174,.580,0,0,,101,174,.580,.580,38,55,.691,89,169,258,60,13,25,63,146,240
2014-15,27,SAS,NBA,PF,15,0,130,17,34,.500,0,0,,17,34,.500,.500,7,8,.875,15,22,37,7,2,4,11,25,41
Career,,,NBA,,184,15,1962,237,435,.545,2,4,.500,235,431,.545,.547,88,113,.779,170,360,530,87,31,59,111,307,564
,,,,,,,,,,,,,,,,,,,,,,,,,,,,,
2 seasons,,SAS,NBA,,88,10,1082,118,208,.567,0,0,,118,208,.567,.567,45,63,.714,104,191,295,67,15,29,74,171,281
2 seasons,,IND,NBA,,57,1,475,76,162,.469,2,4,.500,74,158,.468,.475,25,30,.833,41,96,137,19,9,14,25,60,179
1 season,,POR,NBA,,39,4,405,43,65,.662,0,0,,43,65,.662,.662,18,20,.900,25,73,98,1,7,16,12,76,104