
Season,Age,Tm,Lg,Pos,G,GS,MP,FG,FGA,FG%,3P,3PA,3P%,2P,2PA,2P%,eFG%,FT,FTA,FT%,ORB,DRB,TRB,AST,STL,BLK,TOV,PF,PTS
2008-09,20,CHA,NBA,PF,31,4,182,25,69,.362,0,2,.000,25,67,.373,.362,20,28,.714,9,21,30,3,7,6,12,34,70
2009-10,21,CHA,NBA,C,6,0,30,5,10,.500,0,0,,5,10,.500,.500,0,1,.000,1,3,4,0,1,1,2,5,10
2010-11,22,TOT,NBA,C,34,2,340,59,133,.444,12,34,.353,47,99,.475,.489,13,18,.722,17,61,78,10,11,19,18,73,143
2010-11,22,DAL,NBA,C,10,2,75,12,32,.375,3,7,.429,9,25,.360,.422,2,3,.667,5,12,17,2,3,5,1,13,29
2010-11,22,TOR,NBA,C,24,0,265,47,101,.465,9,27,.333,38,74,.514,.510,11,15,.733,12,49,61,8,8,14,17,60,114
2011-12,23,Did Not Play,Did Not Play,Did Not Play,Did Not Play,Did Not Play,Did Not Play,Did Not Play,Did Not Play,Did Not Play,Did Not Play,Did Not Play,Did Not Play,Did Not Play,Did Not Play,Did Not Play,Did Not Play,Did Not Play,Did Not Play,Did Not Play,Did Not Play,Did Not Play,Did Not Play,Did Not Play,Did Not Play,Did Not Play,Did Not Play,Did Not Play,Did Not Play
2012-13,24,Did Not Play,Did Not Play,Did Not Play,Did Not Play,Did Not Play,Did Not Play,Did Not Play,Did Not Play,Did Not Play,Did Not Play,Did Not Play,Did Not Play,Did Not Play,Did Not Play,Did Not Play,Did Not Play,Did Not Play,Did Not Play,Did Not Play,Did Not Play,Did Not Play,Did Not Play,Did Not Play,Did Not Play,Did Not Play,Did Not Play,Did Not Play,Did Not Play
2013-14,25,NOP,NBA,C,56,30,951,136,249,.546,0,1,.000,136,248,.548,.546,56,67,.836,94,183,277,40,23,46,63,187,328
2014-15,26,NOP,NBA,C,15,4,160,25,36,.694,0,0,,25,36,.694,.694,18,25,.720,13,33,46,4,1,4,12,34,68
Career,,,NBA,,142,40,1663,250,497,.503,12,37,.324,238,460,.517,.515,107,139,.770,134,301,435,57,43,76,107,333,619
,,,,,,,,,,,,,,,,,,,,,,,,,,,,,
2 seasons,,NOP,NBA,,71,34,1111,161,285,.565,0,1,.000,161,284,.567,.565,74,92,.804,107,216,323,44,24,50,75,221,396
2 seasons,,CHA,NBA,,37,4,212,30,79,.380,0,2,.000,30,77,.390,.380,20,29,.690,10,24,34,3,8,7,14,39,80
1 season,,TOR,NBA,,24,0,265,47,101,.465,9,27,.333,38,74,.514,.510,11,15,.733,12,49,61,8,8,14,17,60,114
1 season,,DAL,NBA,,10,2,75,12,32,.375,3,7,.429,9,25,.360,.422,2,3,.667,5,12,17,2,3,5,1,13,29