
Season,Age,Tm,Lg,Pos,G,GS,MP,FG,FGA,FG%,3P,3PA,3P%,2P,2PA,2P%,eFG%,FT,FTA,FT%,ORB,DRB,TRB,AST,STL,BLK,TOV,PF,PTS
2008-09,20,CHI,NBA,PG,81,80,3000,574,1208,.475,16,72,.222,558,1136,.491,.482,197,250,.788,96,221,317,512,66,18,202,125,1361
2009-10 ★,21,CHI,NBA,PG,78,78,2871,672,1373,.489,16,60,.267,656,1313,.500,.495,259,338,.766,65,228,293,469,57,27,217,96,1619
2010-11 ★,22,CHI,NBA,PG,81,81,3026,711,1597,.445,128,385,.332,583,1212,.481,.485,476,555,.858,81,249,330,623,85,51,278,136,2026
2011-12 ★,23,CHI,NBA,PG,39,39,1375,302,695,.435,54,173,.312,248,522,.475,.473,194,239,.812,26,105,131,307,35,28,119,52,852
2012-13,24,Did Not Play,Did Not Play,Did Not Play,Did Not Play,Did Not Play,Did Not Play,Did Not Play,Did Not Play,Did Not Play,Did Not Play,Did Not Play,Did Not Play,Did Not Play,Did Not Play,Did Not Play,Did Not Play,Did Not Play,Did Not Play,Did Not Play,Did Not Play,Did Not Play,Did Not Play,Did Not Play,Did Not Play,Did Not Play,Did Not Play,Did Not Play,Did Not Play
2013-14,25,CHI,NBA,PG,10,10,311,58,164,.354,16,47,.340,42,117,.359,.402,27,32,.844,9,23,32,43,5,1,34,15,159
2014-15,26,CHI,NBA,PG,12,12,323,62,154,.403,21,70,.300,41,84,.488,.471,42,54,.778,9,29,38,62,6,1,38,17,187
Career,,,NBA,,301,300,10906,2379,5191,.458,251,807,.311,2128,4384,.485,.482,1195,1468,.814,286,855,1141,2016,254,126,888,441,6204