
Season,Age,Tm,Lg,Pos,G,GS,MP,FG,FGA,FG%,3P,3PA,3P%,2P,2PA,2P%,eFG%,FT,FTA,FT%,ORB,DRB,TRB,AST,STL,BLK,TOV,PF,PTS
2012-13,23,PHI,NBA,SG,9,0,142,16,48,.333,4,16,.250,12,32,.375,.375,6,8,.750,0,14,14,15,3,6,9,7,42
2013-14,24,Did Not Play,Did Not Play,Did Not Play,Did Not Play,Did Not Play,Did Not Play,Did Not Play,Did Not Play,Did Not Play,Did Not Play,Did Not Play,Did Not Play,Did Not Play,Did Not Play,Did Not Play,Did Not Play,Did Not Play,Did Not Play,Did Not Play,Did Not Play,Did Not Play,Did Not Play,Did Not Play,Did Not Play,Did Not Play,Did Not Play,Did Not Play,Did Not Play
2014-15,25,GSW,NBA,SG,9,0,47,3,14,.214,2,6,.333,1,8,.125,.286,1,2,.500,0,2,2,3,1,1,5,4,9
Career,,,NBA,,18,0,189,19,62,.306,6,22,.273,13,40,.325,.355,7,10,.700,0,16,16,18,4,7,14,11,51
,,,,,,,,,,,,,,,,,,,,,,,,,,,,,
1 season,,GSW,NBA,,9,0,47,3,14,.214,2,6,.333,1,8,.125,.286,1,2,.500,0,2,2,3,1,1,5,4,9
1 season,,PHI,NBA,,9,0,142,16,48,.333,4,16,.250,12,32,.375,.375,6,8,.750,0,14,14,15,3,6,9,7,42